1.246419400778801867e+00;9.005084043679232764e+00;2.000000000000000000e+00;1.988771619068432805e+00;2.001567927806561897e+00;2.003240686896228251e+00
-2.771945028352613249e+00;8.815804214020399598e+00;2.000000000000000000e+00;2.003631208482083981e+00;1.993494062783026877e+00;1.988354098816817794e+00
4.681350620951949537e+00;1.749185658542911170e+01;2.000000000000000000e+00;2.008596020505482027e+00;2.006051181520804416e+00;1.966344975521546523e+00
-2.608221937251137046e+00;1.830841438979879499e+01;2.000000000000000000e+00;2.004138486296461519e+00;1.989193014798608772e+00;1.998397200070194168e+00
-6.330500635488073513e+00;1.354264527264487938e+01;2.000000000000000000e+00;2.001660161591288123e+00;1.989720654947358724e+00;1.968756930022353746e+00
3.809414275762719626e+00;1.043737680616730046e+01;2.000000000000000000e+00;1.994615692878158875e+00;2.005720124474941191e+00;1.980949885117776255e+00
4.236951551461705989e+00;9.701224309545713353e+00;2.000000000000000000e+00;2.007233094857754807e+00;2.010590408875088997e+00;1.989388790118450379e+00
2.094522436501225826e+00;7.443136130276359452e+00;2.000000000000000000e+00;1.994715100671904162e+00;1.987883768771574688e+00;1.997365639414769412e+00
-2.149977513535180851e+00;1.116719720816197636e+00;2.000000000000000000e+00;1.997480932663269870e+00;1.994326424128438413e+00;2.031248276180328993e+00
6.834305351941694084e-01;1.120942126572804654e+01;2.000000000000000000e+00;2.024005692132628820e+00;1.991701706093985669e+00;1.987322027994594009e+00
3.855014282036677287e-01;8.149794602617134842e+00;2.000000000000000000e+00;2.018493980109223873e+00;1.988144515979745952e+00;2.042871269257960698e+00
2.404094196695597763e+00;1.736725701965714208e+01;2.000000000000000000e+00;1.996771841801822989e+00;1.988782148730487753e+00;1.982828513988466268e+00
6.671696447310280220e+00;9.609459950925488769e+00;2.000000000000000000e+00;2.009385470873272794e+00;2.001154066891784655e+00;1.985021157662554048e+00
-2.189453038340170909e+00;1.251157184621917828e+01;2.000000000000000000e+00;1.997811360827112193e+00;2.004568566031969645e+00;2.034274501864527629e+00
3.383959301942983444e+00;-4.956957515218185506e-02;2.000000000000000000e+00;1.999739254366910135e+00;1.996476806207503119e+00;2.006068244314747950e+00
-4.912296642589352835e+00;7.665972928240164741e+00;2.000000000000000000e+00;2.006913141496995845e+00;2.004863618895166510e+00;2.004908206447022945e+00
-4.926308396739266904e+00;1.028904141928133065e+01;2.000000000000000000e+00;2.008563888298992239e+00;2.009188910230115255e+00;1.977270269246572010e+00
5.679637844316729911e+00;1.708078458844665448e+01;2.000000000000000000e+00;1.990940877766313566e+00;2.003462356513421749e+00;2.021102618666160033e+00
-2.470920746655159039e+00;1.066358175204560155e+01;2.000000000000000000e+00;1.995644320307005337e+00;2.014280201932964420e+00;2.021112964053866534e+00
7.285298544360822248e+00;1.944079647823393486e+00;2.000000000000000000e+00;2.011215804718301303e+00;1.989962631463369602e+00;2.002951353505267651e+00
3.240183770944769392e+00;1.316283453729770336e+01;2.000000000000000000e+00;1.988435639323419934e+00;2.008605751207461321e+00;1.960645250592065070e+00
3.638262222531819301e+00;9.885904021113276485e+00;2.000000000000000000e+00;1.989849686109308236e+00;2.001694511709209312e+00;2.000179138534533774e+00
7.883851701810926649e+00;6.093315192271820280e+00;2.000000000000000000e+00;1.990583618904040453e+00;2.003230264721663545e+00;2.028861633876561044e+00
-4.125420618795323513e+00;2.118851677972046232e+01;2.000000000000000000e+00;1.997881724096696399e+00;1.995361059944705362e+00;1.977163512416011404e+00
5.337773401530468753e+00;7.052616649776948243e+00;2.000000000000000000e+00;1.996957921720983409e+00;1.999755498004538223e+00;1.992754573127919704e+00
-7.035514494649106609e+00;1.203532174015731471e+01;2.000000000000000000e+00;2.002393081090929172e+00;2.008089973349176383e+00;2.014847476464781462e+00
-1.147346481979877098e+01;1.863713631815794258e+01;2.000000000000000000e+00;1.991460991983339923e+00;1.989257953756132569e+00;1.989944612806238355e+00
-3.896433449363718715e-01;8.042377792268068148e+00;2.000000000000000000e+00;2.000891381726740637e+00;2.000111396225373372e+00;1.995429205836104947e+00
-6.173031897730385964e+00;2.239270523156187664e+01;2.000000000000000000e+00;1.997629068456683532e+00;2.000516663746179535e+00;2.003655947743395949e+00
2.950906474555830883e+00;7.581551933668332133e+00;2.000000000000000000e+00;1.990480570617162881e+00;1.992439926534176342e+00;1.992949493180357523e+00
2.824325359435657212e+00;1.854992555796158626e+01;2.000000000000000000e+00;2.014094045018281598e+00;2.007014123183795018e+00;2.019112796314187275e+00
1.554286292856977614e+00;1.399413036044593106e+01;2.000000000000000000e+00;2.000271560849762764e+00;1.998734481735349622e+00;1.988475208356855983e+00
6.601467413807097451e+00;1.390293342394526022e+01;2.000000000000000000e+00;2.012378025027084405e+00;1.998875745148915417e+00;1.970284551932168338e+00
5.657692617209894692e+00;1.027539194593880367e+01;2.000000000000000000e+00;2.010259926213999293e+00;2.006407059609697896e+00;1.988578314109373579e+00
5.398924745793423519e+00;1.935409307079235219e+01;2.000000000000000000e+00;2.002143755928579516e+00;2.003387105441268634e+00;1.995842623016921280e+00
8.531057266098029945e-01;1.004823245654657704e+01;2.000000000000000000e+00;1.981891841677191790e+00;2.007961672992256918e+00;1.952662737671783111e+00
1.413571183439419565e+00;5.078805629396687671e+00;2.000000000000000000e+00;2.002776927416964448e+00;2.006205934820938008e+00;2.010658079077243254e+00
-6.558264870904078059e-01;-3.215493916215272918e-01;2.000000000000000000e+00;2.008053836641902734e+00;1.994140465067107959e+00;1.996981146641858551e+00
6.059259624571175173e+00;1.834717294624482520e+01;2.000000000000000000e+00;1.990586370153322182e+00;2.002056064701679627e+00;2.005286246384946569e+00
-1.630919147574330985e+00;4.786050836793642738e+00;2.000000000000000000e+00;1.992503357351872673e+00;2.000535310464088834e+00;1.979025420351670617e+00
-8.434310597670098275e+00;1.033696855992326391e+01;2.000000000000000000e+00;1.999378507749747014e+00;1.993476316804183579e+00;2.006938892157020149e+00
8.899690604947625872e+00;3.448515141092183711e+00;2.000000000000000000e+00;1.984260971620811498e+00;2.006755742063761172e+00;1.992563941890071799e+00
-7.762009125460727077e+00;1.573902280886576577e+01;2.000000000000000000e+00;2.001804543870531194e+00;2.000201274904881643e+00;2.000047419013098793e+00
8.459489607602762362e+00;9.190588010978503419e+00;2.000000000000000000e+00;1.970340055570217741e+00;2.031499686892126455e+00;2.015315968241950362e+00
-5.691852813596526950e+00;7.711907868357875451e+00;2.000000000000000000e+00;1.986829351403284649e+00;1.997865443444855060e+00;1.987223052340272078e+00
-3.285941991670202178e+00;1.146209289244749385e+01;2.000000000000000000e+00;2.012522486474395134e+00;1.995732366220651643e+00;2.017636341330504290e+00
-7.559179001796250574e+00;9.465476430601292179e+00;2.000000000000000000e+00;2.004582571622055109e+00;1.997774055712030039e+00;1.995042788357409114e+00
-5.355453181754642245e+00;1.045277790653983985e+01;2.000000000000000000e+00;1.998497959938939861e+00;2.001084239278973609e+00;1.977284303224923656e+00
-1.422601787395905149e+00;9.191936596076816457e+00;2.000000000000000000e+00;2.015678319204356583e+00;2.009598949701661752e+00;1.999644899780146368e+00
-1.535305178518617808e-01;4.881101297869406608e+00;2.000000000000000000e+00;2.018902219489931316e+00;1.990756283382085767e+00;2.020070180725128228e+00
-5.571203976297972815e+00;1.044846448502961067e+01;2.000000000000000000e+00;2.018250244752770151e+00;1.997929744640642546e+00;1.992240015251875107e+00
-8.111170287945723700e+00;1.145761711729269550e+01;2.000000000000000000e+00;2.010284953630431026e+00;1.991876643116539114e+00;2.001712324032598467e+00
4.346077140226102031e+00;7.041329577068805357e+00;2.000000000000000000e+00;2.010133525940516197e+00;1.998896345378875505e+00;2.026369158971778273e+00
4.594978089611522876e+00;1.525950413775873571e+01;2.000000000000000000e+00;1.989689749930757756e+00;1.996290434151169579e+00;2.011367384963222982e+00
3.490963989435376114e+00;1.466504169009753156e+01;2.000000000000000000e+00;1.999936039672212118e+00;1.996384920476393265e+00;2.024681176805828375e+00
7.914122979435841643e+00;1.005038855156620770e+01;2.000000000000000000e+00;1.987489493134361851e+00;1.985819076366750036e+00;2.013227506490024243e+00
-3.119452988748435907e+00;1.601288251970863996e+01;2.000000000000000000e+00;1.994529978516325519e+00;2.000728678353242973e+00;1.986582903440768932e+00
7.024730275101298549e-01;6.079726297443736271e+00;2.000000000000000000e+00;2.012058670213953349e+00;2.003639093948666350e+00;2.006338081840660426e+00
1.613974058744704010e+01;8.226868108916820077e+00;2.000000000000000000e+00;2.018221598932225191e+00;2.012337741072824482e+00;2.017391828438273471e+00
-2.431207522313339808e+00;4.420932169156106539e-01;2.000000000000000000e+00;2.005388573094924354e+00;1.987398494111841663e+00;2.005027916407218225e+00
2.450939730579124287e+00;4.752950915409835275e+00;2.000000000000000000e+00;2.007062093380477030e+00;2.008636678655759678e+00;2.014515049925212686e+00
9.229560857441803989e+00;7.947135928284660977e+00;2.000000000000000000e+00;2.001672269888791433e+00;1.994379924453650199e+00;1.995741765125161660e+00
-3.946613052344170036e-01;1.727779659593657868e+01;2.000000000000000000e+00;2.002746398390269800e+00;2.010003852148921855e+00;1.971064741331106429e+00
4.283024779601041665e+00;2.032675505774976799e+00;2.000000000000000000e+00;1.989141723381758098e+00;1.992799490983022004e+00;2.022244426136957429e+00
1.880205722777693822e+00;1.111157600020017533e+01;2.000000000000000000e+00;1.993667249769408345e+00;2.005488497721842567e+00;2.030338433002417009e+00
-5.174244347047097570e+00;1.249605050041938803e+01;2.000000000000000000e+00;2.004812644837381086e+00;1.995028651585757373e+00;1.997940874138510514e+00
4.008119302030858755e+00;1.055751533146501764e+01;2.000000000000000000e+00;1.996062625025991633e+00;1.996332091468170367e+00;1.978619435545731609e+00
-1.886676289430968989e+00;2.461505753038119693e+00;2.000000000000000000e+00;2.001548360003404081e+00;1.981713076911471028e+00;1.987367141076802568e+00
2.495744712843580793e+00;7.859546441939632366e+00;2.000000000000000000e+00;1.977424684869773186e+00;2.010519143266530584e+00;1.984034478650707145e+00
4.300459427655187739e+00;1.547940429283031705e+01;2.000000000000000000e+00;1.999817136428274411e+00;2.009022514590232511e+00;2.011438366060182670e+00
4.439748069612800663e+00;2.142701274117902699e+01;2.000000000000000000e+00;2.022683889564776738e+00;2.006804576413016239e+00;2.029102115903493875e+00
-2.714803708119504666e+00;3.441229211629805107e+00;2.000000000000000000e+00;1.981650154889696536e+00;2.006025893949372918e+00;2.013099987879560349e+00
-2.759086549253337850e+00;1.043227800840271868e+01;2.000000000000000000e+00;2.011703824737268942e+00;1.995226563189739011e+00;2.009588666236628907e+00
1.372974383240738394e+00;1.355157097591893489e+01;2.000000000000000000e+00;1.995919474032229468e+00;2.007798647921052559e+00;2.006528258831549394e+00
2.491548160068353557e+00;2.895784358160677030e+00;2.000000000000000000e+00;1.992985506027331377e+00;2.004956400596062505e+00;1.991842533455952635e+00
-5.512264413443257460e+00;8.504219995209933103e+00;2.000000000000000000e+00;2.001596047654116806e+00;2.003429255870818437e+00;2.017346620064595086e+00
7.302458494458039517e+00;1.482629562508840060e+01;2.000000000000000000e+00;1.998257199941870121e+00;1.989912943773636922e+00;2.013985072056312386e+00
1.286426997059077593e+00;1.089879348143494298e+01;2.000000000000000000e+00;2.006125135652496283e+00;1.993924037279300121e+00;1.987175621206079823e+00
4.359573241536948807e+00;7.609232214887805767e+00;2.000000000000000000e+00;1.996190385966932990e+00;1.985522459555679520e+00;2.022753185578559432e+00
-6.640116745793067210e+00;1.737077472565092506e+01;2.000000000000000000e+00;2.005817754508992135e+00;2.006824919883567038e+00;1.998028946469155409e+00
-9.782539450540635784e+00;-3.889442447307519757e+00;2.000000000000000000e+00;2.001220959872251459e+00;1.992631051855576318e+00;2.022897136246146754e+00
1.142824705082034065e+01;5.513818168184950963e+00;2.000000000000000000e+00;1.992426118332678353e+00;2.017483732806125918e+00;1.963586395410621188e+00
-3.216381217709988860e+00;7.882127883333587270e+00;2.000000000000000000e+00;2.018137347489048050e+00;2.007968570937889385e+00;2.007092568138145516e+00
5.900748302639785337e+00;4.819558760195979730e+00;2.000000000000000000e+00;1.998385453729294881e+00;2.002602999012747631e+00;1.987752419441308316e+00
2.363429607405386434e+00;6.547666280993905019e+00;2.000000000000000000e+00;1.982256887193382999e+00;1.993136196691873918e+00;2.026722173569366792e+00
-2.140866212948169256e+00;6.282495044538174866e+00;2.000000000000000000e+00;2.009393382749719237e+00;1.995335617194850197e+00;1.988482801472585937e+00
1.377526481879279396e+00;3.422040201889869238e+00;2.000000000000000000e+00;1.993080120182528336e+00;1.998271418268309008e+00;1.999727815572823308e+00
-8.944586044430558047e+00;1.179994511472420804e+01;2.000000000000000000e+00;2.014537659620330157e+00;1.990306053541539555e+00;1.976883911956624829e+00
3.782222155444460387e+00;1.763768000096456490e+01;2.000000000000000000e+00;1.981289885224301717e+00;2.022056140384180800e+00;2.009867875512251878e+00
4.081047437232255826e-01;1.475235106022667786e+01;2.000000000000000000e+00;1.991855815231012850e+00;1.994569457725308581e+00;1.990438444612014246e+00
4.998757137687513286e+00;3.225585546656317248e+00;2.000000000000000000e+00;2.005050481221940739e+00;1.992945703269132895e+00;2.023051615317212892e+00
9.090691006223192705e-01;1.833338320929137311e+01;2.000000000000000000e+00;2.003175241491396363e+00;2.001593525639007165e+00;2.002187003096392193e+00
-2.557934581489553771e-01;1.278933627012101226e+01;2.000000000000000000e+00;1.988181513741204220e+00;1.989986206576604522e+00;1.983808485688574264e+00
2.500830109620482133e+00;4.038199120380729923e+00;2.000000000000000000e+00;1.997819847963990592e+00;1.999470163763404029e+00;2.003509059954656557e+00
1.640111968997610248e+00;1.316119999856711509e+01;2.000000000000000000e+00;2.006134493182853529e+00;2.007935569209684967e+00;2.020949942113917430e+00
-4.110954399478942811e+00;2.017973573928034625e+01;2.000000000000000000e+00;2.008699725428547023e+00;2.009735585775985989e+00;1.986553240389553610e+00
2.731082248272952206e+00;1.133904314305296701e+01;2.000000000000000000e+00;2.003283179135872505e+00;1.998511389279247430e+00;1.995767716879196296e+00
8.167578350920987162e+00;1.054541978977604622e+01;2.000000000000000000e+00;2.000179530880018319e+00;1.997002884470346906e+00;1.945343763698770267e+00
8.407155046736916049e-01;9.581768409547509080e+00;2.000000000000000000e+00;2.001396328847158568e+00;2.007043144604092610e+00;1.978046712572274934e+00
2.735948746225639105e+00;1.001328731077807888e+01;2.000000000000000000e+00;2.004693200633828276e+00;1.996306220994113811e+00;2.014725166636758047e+00
9.962667288033067337e+00;1.247910908877528158e+01;2.000000000000000000e+00;1.986329167055333134e+00;1.999380421000366059e+00;1.969522838695961564e+00
-2.431227497368097623e+00;1.018244789440565867e+01;2.000000000000000000e+00;1.988297408396003885e+00;1.996209313338512148e+00;1.977978750532686902e+00
-6.248884986901346750e+00;8.285332587257219217e+00;2.000000000000000000e+00;1.981717063230337361e+00;2.013389613855029125e+00;1.987870342737295681e+00
1.663738149751687345e+01;7.494366677179326253e+00;2.000000000000000000e+00;1.982736682548454032e+00;2.011279793241593783e+00;2.002513570519721231e+00
9.991704237616296780e+00;1.091321459333156874e+01;2.000000000000000000e+00;2.004445259452619865e+00;1.996016714622419919e+00;2.000680514750523109e+00
2.862713272601022929e+00;1.939546539112998857e+01;2.000000000000000000e+00;2.014260401949688806e+00;1.998001210048593101e+00;2.024260971885617710e+00
6.327989095025312594e+00;1.754769302066220504e+01;2.000000000000000000e+00;2.007086676524282964e+00;2.004300836850682277e+00;2.007676803335336491e+00
-1.721579924882765678e-01;1.670264855571933538e+01;2.000000000000000000e+00;1.987721249463305417e+00;1.997972546819592576e+00;2.015683534461352178e+00
-1.538790487475284241e+00;1.315490039826765134e+01;2.000000000000000000e+00;1.979174113228454157e+00;2.002906167443186725e+00;1.980260907673749182e+00
2.721676731849232311e+00;1.967897723212138317e+01;2.000000000000000000e+00;1.997334653145351302e+00;1.972021905060437952e+00;2.025003749290655630e+00
-6.335364177269169339e+00;1.300566644352839774e+01;2.000000000000000000e+00;2.013370569171501145e+00;1.981818656761396680e+00;1.978974700603107983e+00
-1.443536305230261885e-01;1.491157032434866281e+01;2.000000000000000000e+00;1.992723431694956471e+00;2.011592071618001132e+00;1.993727969279670109e+00
-5.363107533014299655e+00;6.218179827782868152e+00;2.000000000000000000e+00;2.007704238267384866e+00;1.987595680637695761e+00;2.013261705563686998e+00
5.925550450529920576e-01;8.047502485077174583e+00;2.000000000000000000e+00;2.005825068904357522e+00;1.984556124403420219e+00;2.015594036222715157e+00
7.890229025605351332e+00;1.619888934795950064e+01;2.000000000000000000e+00;2.002820817894678918e+00;1.995947073248924841e+00;2.012067660994205642e+00
4.655195907801216393e+00;3.965372710538673573e+00;2.000000000000000000e+00;1.983358627145418662e+00;2.003212946304759434e+00;2.002844255881811808e+00
-5.406240244231020675e+00;1.719774148997788998e+01;2.000000000000000000e+00;2.000333723042569734e+00;1.991478525894919027e+00;1.998376558196094610e+00
1.792274187858029499e+00;1.143713654556430903e+01;2.000000000000000000e+00;2.015063911683466991e+00;2.014871282967210409e+00;2.015850314365949192e+00
-5.718544609588169791e+00;1.677579631353722789e+01;2.000000000000000000e+00;1.981279187943809195e+00;1.997138222216375381e+00;2.005115210804469861e+00
2.189232250039626848e+00;1.972427076395603152e+01;2.000000000000000000e+00;1.987664502300177105e+00;2.006578455393834837e+00;1.993360062586822634e+00
1.516238480009748368e+00;1.018996857357623576e+01;2.000000000000000000e+00;2.011908961598156687e+00;1.999329093120209899e+00;2.010764148945055396e+00
8.547735444737115884e+00;1.066778502625048652e+01;2.000000000000000000e+00;2.011321408769801256e+00;2.017540145705722932e+00;2.026622624527169680e+00
-8.538755218836641347e+00;3.605355059220439529e+00;2.000000000000000000e+00;2.015293454136244833e+00;1.989771282557259102e+00;1.998872856992758518e+00
-5.506130840422418515e+00;1.357602656408182007e+01;2.000000000000000000e+00;1.992700488761995237e+00;1.995580875432962253e+00;2.007255296064571759e+00
2.637420055645830486e-01;5.734322938836673877e+00;2.000000000000000000e+00;2.023483868960451293e+00;2.000805149183985776e+00;1.976782859968359896e+00
1.694534080184886937e+00;1.282424494262692605e+01;2.000000000000000000e+00;1.987136061046085977e+00;2.003579271430077302e+00;1.985181592894014413e+00
1.885283782813220510e+00;1.661678512347673831e+01;2.000000000000000000e+00;2.008850698344265329e+00;1.999013392039712622e+00;2.027349375620194127e+00
4.602692691588146090e+00;1.043401329549094037e+01;2.000000000000000000e+00;2.012939374188986719e+00;1.995566547124886903e+00;2.005095007185231371e+00
4.169215226901648030e+00;1.215248723390681462e+01;2.000000000000000000e+00;1.996022303444127788e+00;1.988118523264509108e+00;2.023052478013907862e+00
2.821125701796722396e+00;1.608439444042510758e+01;2.000000000000000000e+00;1.999897588521351466e+00;2.002355211941526214e+00;1.970620109529942043e+00
2.955585338080956248e+00;1.485795336035842062e+01;2.000000000000000000e+00;2.008086474896630946e+00;1.998608310502214547e+00;1.997294390525829799e+00
-8.630888240963109581e+00;1.038681267922479279e+00;2.000000000000000000e+00;2.007075678841816480e+00;1.996441261860974148e+00;1.974519021938497598e+00
4.830015337335384018e+00;1.315461857404874380e+01;2.000000000000000000e+00;1.994325627317542260e+00;1.982416951420746809e+00;1.988909307891232103e+00
-9.584372140421577591e-01;7.043597272205947668e+00;2.000000000000000000e+00;2.003023393746608427e+00;2.000278546367010524e+00;1.995251280256252535e+00
1.428788230464158371e+00;1.164407254967473548e+01;2.000000000000000000e+00;2.005805680068079688e+00;2.015527479516490139e+00;1.981989433861500283e+00
6.520873728548798098e+00;4.781129190986223243e+00;2.000000000000000000e+00;2.002896451442033321e+00;1.986056825731246755e+00;1.991385207905832067e+00
-2.299599405370041705e+00;6.377710366186132518e+00;2.000000000000000000e+00;2.003830546128552825e+00;1.993280644529975776e+00;1.990188857393290656e+00
1.262364634910964512e+01;1.021753420483888242e+01;2.000000000000000000e+00;1.996356438908618802e+00;2.007519955368903375e+00;1.980943987967097364e+00
8.592609249114468994e-01;3.980401550854360870e+00;2.000000000000000000e+00;2.013835092481895739e+00;1.991828618508586279e+00;2.021640721330846269e+00
-1.255341251937433622e+00;1.378996414682378990e+01;2.000000000000000000e+00;1.998588814226040400e+00;1.988221761416298916e+00;2.022441240153370234e+00
1.363485225819375035e+00;1.143958342064744116e+01;2.000000000000000000e+00;2.009022424050838751e+00;1.995754962424277190e+00;1.994128851641002731e+00
-6.475587445021091515e-01;7.598818596411485160e+00;2.000000000000000000e+00;2.013901993851146432e+00;2.003239698637371280e+00;2.009439695252992930e+00
4.016604710901384934e+00;2.665896828914249284e-01;2.000000000000000000e+00;1.996789825485408620e+00;1.999539594548799037e+00;2.018831542814465863e+00
-3.616107982415755373e+00;5.551713376369927566e+00;2.000000000000000000e+00;2.018031920057033357e+00;1.995086899619469056e+00;1.976137039878801183e+00
4.174346393870467686e+00;1.842500487565041922e+01;2.000000000000000000e+00;2.008962056267529217e+00;1.997714075791009902e+00;1.965567712400587252e+00
-1.001861623630202036e+00;2.839801422669166797e+00;2.000000000000000000e+00;2.026441421649325836e+00;2.005070695635307043e+00;1.999769358067246872e+00
3.516324098819956667e+00;7.459668147587827924e+00;2.000000000000000000e+00;2.007727188547578923e+00;2.017438891954473679e+00;1.980244051324227650e+00
4.465003409405628787e+00;9.315813115545862999e+00;2.000000000000000000e+00;2.018929381455520922e+00;1.984662200770801466e+00;2.010597132185738545e+00
5.497179255324405212e+00;1.904654798874423705e+01;2.000000000000000000e+00;2.011802588013094084e+00;1.997566106167245614e+00;1.971738214707632997e+00
1.148793661144280520e+01;9.873484278611600828e+00;2.000000000000000000e+00;2.004837569546961795e+00;1.989589683179608048e+00;2.029292169791594436e+00
-3.625669578743883292e+00;8.489587618992363360e+00;2.000000000000000000e+00;2.009562736743048639e+00;2.000645091785421492e+00;1.986276553454515481e+00
-1.107090430011859805e+00;1.188158640572192937e+01;2.000000000000000000e+00;2.002847709601806692e+00;1.998430421557406245e+00;1.998850991374725883e+00
2.378344345230408052e+00;9.898410969590701214e+00;2.000000000000000000e+00;1.996340233027860789e+00;1.995070443544874950e+00;1.991731347353447923e+00
2.392363261962612508e+00;8.777678454446132150e+00;2.000000000000000000e+00;1.997127588502037199e+00;1.989810528589731842e+00;2.025567561738122802e+00
-7.375342615190836781e+00;6.333463106670228271e+00;2.000000000000000000e+00;2.003240411380658337e+00;2.009139245791206729e+00;2.009007533198430284e+00
1.012799244292212908e-01;1.891523397757137559e+01;2.000000000000000000e+00;1.998345512074008790e+00;1.994833634300317904e+00;1.987394729604070154e+00
8.309135649104851140e+00;8.407745831361685518e+00;2.000000000000000000e+00;2.005734539499910429e+00;2.011157218224653764e+00;2.008894265182807004e+00
1.135360467299044718e+00;5.021959368324322881e+00;2.000000000000000000e+00;2.013267123967712902e+00;1.989064358225431706e+00;2.021981027877231440e+00
4.664446082570887775e+00;8.896754651618270060e+00;2.000000000000000000e+00;2.015603232995257343e+00;2.006602626805367606e+00;2.009310481117554392e+00
7.330377216111678251e+00;1.064494703907306494e+01;2.000000000000000000e+00;2.004368000295012386e+00;2.002893469290001338e+00;2.036882576272553980e+00
3.528430934697229571e+00;1.563151708923285810e+01;2.000000000000000000e+00;1.997995680765687343e+00;1.997010010200285013e+00;2.009098695597355988e+00
-1.925152810606490572e+00;3.672492338895645858e+00;2.000000000000000000e+00;2.017783791729105936e+00;2.006604855439254376e+00;1.982753698665654651e+00
-4.123166011083048588e+00;2.182847346179270787e+00;2.000000000000000000e+00;2.020482262095479431e+00;1.977260714522043772e+00;2.010340189179394166e+00
3.726700300931424792e+00;1.979546665369185732e+01;2.000000000000000000e+00;2.003846084808437844e+00;2.001763155821964624e+00;1.976040692248717034e+00
7.555619481330536402e+00;8.400531876663432485e+00;2.000000000000000000e+00;1.999358535905190859e+00;1.996819376255603240e+00;2.003850910967474253e+00
2.340774239423703218e+00;7.315278536375267038e+00;2.000000000000000000e+00;1.978193962315411225e+00;1.998854079150222063e+00;1.968759676010464199e+00
5.280335329119826504e+00;1.365587940849992421e+01;2.000000000000000000e+00;1.995768083460974340e+00;2.006880843656276614e+00;1.982646142804382006e+00
5.841575048121894653e+00;1.313806722025083573e+01;2.000000000000000000e+00;2.006200993803199939e+00;1.998814706151152976e+00;1.988337756552223778e+00
4.192805039191649374e-02;1.377183092448986201e+01;2.000000000000000000e+00;1.992852335057460955e+00;2.001236811089575518e+00;1.969447778979403374e+00
1.370716814935674543e+00;9.243050212134241050e+00;2.000000000000000000e+00;1.993604326482165456e+00;1.994603116949592803e+00;1.983368940082027132e+00
9.595405507022878311e-01;1.097873638830604470e+01;2.000000000000000000e+00;1.996003752766710715e+00;2.015374962143812620e+00;2.013026376411337193e+00
2.902504521464922327e+00;1.339553060441468268e+01;2.000000000000000000e+00;2.009288574447548381e+00;1.996972942478803859e+00;1.982903452846023429e+00
2.145950727452008877e+00;2.012640796943324162e+01;2.000000000000000000e+00;1.982070140375477685e+00;2.008022987711294061e+00;2.022054769903578464e+00
6.348467998042776728e+00;9.761985165982673962e+00;2.000000000000000000e+00;2.001301257659001465e+00;1.996408006967497206e+00;2.031035401724177181e+00
-1.880574370502531067e+00;1.219135148933044732e+01;2.000000000000000000e+00;1.992746229429095406e+00;2.007837791415436168e+00;1.968505258963961335e+00
-2.644090046550647166e+00;1.443732111631373449e+01;2.000000000000000000e+00;2.002615266109456282e+00;2.013462227839416752e+00;1.983123214724306305e+00
1.727623944352417062e+00;1.707716547652510997e+01;2.000000000000000000e+00;2.000637871505341447e+00;1.989733332660287290e+00;1.959480924996218842e+00
-1.047797577887417564e+00;6.126572376004979503e+00;2.000000000000000000e+00;1.987336424433527871e+00;2.004782049852323222e+00;2.015343766376371359e+00
4.192724504802198382e+00;1.965916659700041436e+01;2.000000000000000000e+00;1.995394172231114815e+00;1.995766451953895793e+00;2.004977157876502769e+00
2.829161297933872277e+00;1.742856396511070827e+00;2.000000000000000000e+00;1.988294098303177382e+00;1.991029249856541394e+00;1.999959334675898592e+00
-4.902727751396634304e+00;5.645455915573919903e+00;2.000000000000000000e+00;2.006126437213877178e+00;1.996365323461799068e+00;2.013053190349869848e+00
1.294016650092593146e+00;1.006409268706167026e+01;2.000000000000000000e+00;2.000709512704216930e+00;2.000415992977887747e+00;1.982354061361134345e+00
3.994904426268634179e+00;1.439087162881987680e+01;2.000000000000000000e+00;2.008357420236221991e+00;2.002203290301952432e+00;2.011265713109077424e+00
1.631036473176878721e+00;5.788438009482864466e+00;2.000000000000000000e+00;1.989434749694819260e+00;2.007697629487306124e+00;1.981260990144951828e+00
-6.381654448887092101e+00;1.345847810434365144e+01;2.000000000000000000e+00;2.004735614314587355e+00;1.997175582495472446e+00;2.011889807816629627e+00
2.339595867398042373e+00;1.123061180790339186e+01;2.000000000000000000e+00;1.998405316742132065e+00;2.000663920911477600e+00;1.985846287386541231e+00
6.481853164187481031e-01;1.088487274439372676e+01;2.000000000000000000e+00;1.999095457235771311e+00;2.002930787775144328e+00;2.008678004103849446e+00
-2.762367414720848124e+00;1.537906176146194959e+01;2.000000000000000000e+00;1.998819816674653582e+00;1.993232730759869398e+00;1.993565676124468222e+00
-2.028159839930967490e-01;1.021330376284970853e+01;2.000000000000000000e+00;2.008775300522852358e+00;2.025294347238121073e+00;2.014753105681302170e+00
-1.133537424119733394e+01;9.296695495613571225e+00;2.000000000000000000e+00;1.987523217742957149e+00;1.996874843734455895e+00;1.997924980513367865e+00
-3.036598283664543985e+00;1.721516684896501559e+01;2.000000000000000000e+00;1.990220560055533827e+00;2.007906159504158961e+00;1.988911740865778821e+00
8.001906239746011451e+00;-2.223784078991124957e+00;2.000000000000000000e+00;1.998001279040377609e+00;1.984851765253516476e+00;1.986796573535605681e+00
-5.105158760783765182e+00;2.811903576187847698e+00;2.000000000000000000e+00;1.983840771393364344e+00;2.013888341007953109e+00;2.021508357734389527e+00
6.003369606391435909e+00;8.107595892103089952e+00;2.000000000000000000e+00;2.005611297718483677e+00;1.992427806537039325e+00;1.988468940759919867e+00
1.914557643991479097e+00;1.286296041210441210e+01;2.000000000000000000e+00;2.004117799136495126e+00;2.002383887571121956e+00;2.006729964092616392e+00
-2.067377450326214561e+00;1.061640994570914387e+01;2.000000000000000000e+00;1.989684056194799933e+00;2.003777638435307207e+00;2.036708890442906483e+00
6.207753728944098270e+00;1.511698259099769537e+01;2.000000000000000000e+00;2.009816049927870552e+00;2.011376818882518069e+00;1.982277773054099912e+00
3.767587719883592534e+00;1.870790092379429126e+01;2.000000000000000000e+00;2.002489886398509888e+00;1.996539142250892684e+00;1.989041490061419504e+00
1.620571211685364332e+00;1.016262550642112394e+01;2.000000000000000000e+00;2.001665777950201175e+00;1.996921383702271457e+00;1.982664235105277450e+00
-1.880291659491953649e+00;7.537399781277592581e+00;2.000000000000000000e+00;2.002772334629678408e+00;2.020008997392314321e+00;1.973105511260819789e+00
