7.639000248738221366e+00;8.228798005188632914e+00;4.373519591503601589e+00;-8.522564966481720461e+00;6.620199929592661903e+00;2.011771174674171547e+00;2.011504167898858331e+00;1.991379333041049859e+00
-1.080990203673519723e+00;7.493920532167777537e+00;3.541274465275221495e+00;-8.592021513343286898e+00;9.708416611896639736e-01;2.009168257531562141e+00;2.016121521345858980e+00;1.992124029975706145e+00
-3.534025021637729580e+00;7.465307671692626101e+00;2.128706928946885846e+00;-2.236641437418451783e+00;9.756572290091346744e+00;2.005254196386759169e+00;2.016696311009372078e+00;1.964158848581369021e+00
1.399841254275699498e+00;1.398577626433158017e+01;7.316844613095880412e+00;-6.234062622706766366e-01;3.590701443197072962e+00;2.002001995028915182e+00;1.977953591736879124e+00;1.999468387448050777e+00
4.326271517071202943e+00;8.428513652730643457e+00;7.517704732502962450e+00;-7.873866545610794354e+00;1.259099147126845608e+01;2.001559890548139098e+00;1.967186717160685605e+00;2.030093426430122250e+00
1.107586377806516031e+00;1.197818746619400088e+01;7.574671212863125724e+00;4.475712276556381930e+00;3.638419664919025021e+00;1.998858639156151362e+00;1.991544644958026300e+00;1.977603794562662554e+00
5.828631812140208091e+00;2.714743069956280230e+00;4.654210404051813299e+00;-4.025408024509813387e+00;8.580531640174809738e+00;2.022953643498476062e+00;1.999459002492566473e+00;1.979101790357910451e+00
1.824484932310878493e+00;2.097486280844743689e+01;-3.610364754767237727e+00;-4.110199900890778579e+00;3.147472519169443927e+00;1.998439705568494595e+00;2.045651805486823349e+00;1.997743799529312358e+00
1.758726116507597359e+00;1.192953867621304553e+01;7.408559164490208460e+00;-4.177636089162199085e+00;-2.260540475299865903e-01;1.992129387080181280e+00;1.969706407339715470e+00;1.990919284632173714e+00
6.124709602775809003e+00;-1.043152671911361296e+00;3.166722278072588992e+00;1.975410975834392069e+00;4.964473392432019239e+00;1.974975982137651354e+00;1.982957348527636388e+00;2.013397854182310542e+00
1.132722075966780206e+00;1.701820464946482048e+01;6.987627495249372878e+00;-1.835037382107447268e+00;1.655689373437873968e+01;1.993985197819589716e+00;2.001044610249482325e+00;2.010919812481372304e+00
6.911365284730066616e-01;4.726171013679319799e+00;3.243965634206696258e+00;3.979121340719977695e-01;1.026627911493275391e+01;2.011215277430403514e+00;1.986138859290855541e+00;1.994416519210704841e+00
4.968960477938696663e+00;1.239197378418099404e+01;3.856683913996004520e+00;-4.596619808020787623e-01;1.546812124031411351e+01;1.994435939144172165e+00;2.032299069437921712e+00;2.002545375475608402e+00
-6.274976740792410634e-01;5.326252534272609473e+00;-2.180943812075360810e+00;-1.487257102971006439e+00;7.254196323191385076e+00;2.018019749098350690e+00;2.010819182082874246e+00;2.010277286451622292e+00
9.110008145253187806e+00;5.217377851183201187e+00;-1.259768488763369554e+00;-4.105179563059969894e+00;1.577870171307733926e+01;2.009918414924097618e+00;2.010185464454511184e+00;1.982829731128354256e+00
7.431938604293980788e+00;1.467123157697021441e+01;1.262093456007726466e+01;2.400639897796859934e+00;9.888696400438577783e+00;1.987129781520755811e+00;2.035503375546146909e+00;2.027286552876895520e+00
7.446575335889722425e+00;4.647898556139403503e+00;2.729651753887618160e+00;-1.088221210244437920e+01;9.172261573697175763e+00;1.995556717033649452e+00;2.014602700111311151e+00;1.963188389668126144e+00
1.509641152152345622e-01;9.704154295702950961e+00;-2.770031325566684188e+00;-3.104753935571411994e+00;9.425813479533566408e+00;2.008646887141934290e+00;1.986606364349961185e+00;2.004110461385689046e+00
2.660257734132942531e+00;2.126810681248364787e+01;-1.005801362409428190e+00;2.756453904364491336e+00;1.503499052833963567e+00;2.004990420634976456e+00;2.022252933097803407e+00;2.000851703993567821e+00
-2.234713752793230146e+00;1.120474012531862051e+01;9.336780149191241662e+00;5.025647544250793963e+00;1.530246750303787984e+00;2.014014375426019576e+00;1.975125742645513105e+00;2.028872596506144710e+00
-8.971921085165424081e-02;4.488558325128693127e-01;7.242470938136769121e+00;-2.695840609342813554e+00;1.277074450347845058e+01;2.007942214659951485e+00;2.001336347230056489e+00;1.987844463627306046e+00
5.520867266836571474e+00;1.111754054952658421e+01;1.505043860323576155e+01;5.615532177315949447e+00;1.169755466474206074e+01;2.002584332956003355e+00;1.981758240909948121e+00;2.037873664514997962e+00
2.506209548048685676e+00;5.913020037679793894e+00;3.255245371290893530e-02;-8.641730664634993175e+00;5.901467401184003592e+00;2.008594685803396729e+00;1.981510912755496401e+00;2.005123947334793044e+00
2.568731614683396280e+00;1.033758305066155359e+01;1.107114754394887868e+01;-7.997719395862583625e+00;2.120617394822809132e+01;2.023904325286350669e+00;1.989484066109611593e+00;1.984038202359228453e+00
9.921722628693036006e-01;2.043226745658666132e+00;-1.037137794488164566e+00;-1.033872892709224267e+01;2.745462685390907431e+00;2.006414640154291718e+00;2.001498124822985059e+00;2.018674929488041503e+00
7.916751195505018934e+00;3.655310062341391664e+00;3.509772103091818529e+00;-3.749084570580775377e+00;1.262634744555288258e+01;1.984661633157040805e+00;1.993010003799891461e+00;2.000872595929917619e+00
-7.967637596345273465e+00;8.709846200455928056e+00;4.907871669041401042e+00;-2.103006661507997421e+00;4.523786908790925487e+00;1.994265296781596142e+00;1.985839391591194492e+00;1.983194315710986144e+00
9.742997078715649906e+00;2.099206620360509135e+01;3.332191531369125936e+00;-3.718769856850328015e+00;-5.182844504861154888e-01;1.997655035034093807e+00;1.985535115895820546e+00;2.015530591976691710e+00
3.851940269346223022e+00;1.106736632924688735e+01;8.223328272172107489e+00;6.347176952988222709e+00;6.702798096047085430e+00;1.988928821946664316e+00;1.980997271125984449e+00;2.002846848645650546e+00
-2.758052077501513821e+00;8.499713832634673949e+00;1.323572493876967116e+01;-3.305258951461108374e+00;1.011459930997018475e+01;1.989193989265026996e+00;1.971973869875338403e+00;1.997939494647303471e+00
4.246891942040790235e-01;-8.120625549643744279e+00;5.992137790905259109e+00;-1.067822856189092340e+00;5.433578980436887029e+00;1.983284629065570126e+00;1.995452899575435701e+00;2.003193189035972654e+00
1.845878117653504624e+00;9.545411273971614818e+00;9.860278106852335966e-01;-9.087723475594906564e-01;7.639291869244579480e+00;2.003330819048330547e+00;1.997553153916747259e+00;2.027111822192979140e+00
3.912116528840983598e+00;1.326760386318418838e+01;6.274497895901036237e+00;-1.517995109737824144e-02;9.775938803790294784e+00;1.997249964636723440e+00;1.974162570806331285e+00;2.015590007313164289e+00
-1.983794339457727762e+00;1.447919979563529935e+01;7.080409864338624182e+00;3.037028816867951342e+00;1.688761331708787949e+01;1.977803490952211307e+00;1.996953637132101944e+00;1.987793032409498117e+00
-1.175597840598447075e+00;1.981751717748501562e+01;7.181183719490613626e-02;4.615535347841648317e-01;1.210545750523131048e+01;1.999001163814642545e+00;2.011501811511859916e+00;2.009086676397236815e+00
4.980194709002055298e+00;2.177524177022452534e+01;4.561167614674736193e+00;-2.739842924005235325e+00;1.709701351946051773e+00;1.991617664087756534e+00;2.016462993429770201e+00;1.985363450295949628e+00
-8.861345384658818602e+00;3.398578624894955880e+00;-8.012538299682070431e-02;-2.274001935609984759e+00;1.601398892224636938e+01;2.002370680918258650e+00;2.004863704270485325e+00;1.996775145619279268e+00
-2.699329659013272487e+00;2.625626455585362784e+00;8.885599555100375468e+00;-8.437600479402648901e+00;8.903430370390552184e+00;2.005642429105620739e+00;1.983638730866476907e+00;1.995837589318248506e+00
-9.862308102809658195e-02;1.456590833142526265e+01;2.641421418391476372e+00;-7.883183515436213984e-01;7.882121515480825735e+00;1.983553950331074622e+00;2.010356532760089188e+00;1.966206593400328329e+00
1.118845604551816919e+00;1.226909277928909248e+01;-9.742783876899885342e+00;-3.576785393509330113e+00;1.252864495653505728e+01;1.997324270146814129e+00;1.993403806239603338e+00;1.997798201346165481e+00
3.865688838999070676e-01;1.012640818135469800e+01;1.447005259337247995e+00;-7.891245377177849019e-01;1.153358548753653778e+01;2.004471061885622962e+00;2.013285336315917107e+00;2.005045003118665736e+00
-4.312210387210443585e+00;7.947827625729560808e+00;7.056109911882034957e+00;-5.947344137669561270e+00;-1.490871732522609960e+00;1.993038090765298920e+00;2.002714307414209305e+00;2.023869495859365042e+00
-3.379364943232977758e+00;1.506650641450096195e+01;1.271045943679647827e+01;-2.324607900574002350e+00;-1.176413603276685649e+00;1.990953723615026538e+00;1.990283892580734459e+00;2.033530073515065428e+00
8.632647543192280892e+00;9.357808497466399089e+00;-4.531650246525353865e-01;-6.590655164800689469e+00;1.728565967990295604e+01;2.016547917447964799e+00;1.958454456610106087e+00;1.984319254246798669e+00
3.512959149937403325e+00;3.398145220089904051e+00;3.923654013102639393e+00;-6.328994297487784415e+00;1.269766129144789879e+01;1.987589102252851347e+00;2.027999025156676627e+00;2.007982937160460502e+00
6.046980227831291188e+00;5.581268774581006120e+00;3.816806117809189658e+00;5.892665714027354618e+00;5.267351369668044292e+00;2.014203651840189568e+00;2.018399405603758634e+00;2.021608584118611773e+00
7.729137207426209244e+00;1.326494054742944506e+01;5.920768822722854097e+00;1.709880246401171977e+00;8.426374375586931365e+00;2.000806254585180355e+00;1.977796112917841631e+00;2.012669076646228294e+00
1.461652653067148044e+01;1.341512635324165004e+01;-1.309175404572696877e+00;-6.217372967734477562e+00;1.703255654119889329e+00;2.015171520037998043e+00;1.963306038478235704e+00;1.998754991610341980e+00
2.306969493976207541e-02;8.631065522784913568e+00;-3.280872046654157437e-01;3.306304584545872061e+00;5.272636649053900726e+00;2.009498593004525713e+00;2.013989840405388421e+00;1.961183742272103459e+00
-6.538818582255242262e+00;7.403480749431095020e+00;1.875850462347596004e+00;-2.234396201767471890e+00;1.058728391040505556e+01;1.999555603601575582e+00;2.035167123265985811e+00;2.042520054027716192e+00
-2.898121512294958180e+00;9.869204509999304875e+00;4.826943160712774628e+00;-4.318990613477637908e+00;6.682980254882053828e-01;1.990265909243812636e+00;1.972612429700820291e+00;1.979065568891693161e+00
-4.243242548247939894e+00;3.634399582471200318e+00;3.013312655013692609e+00;-5.318264077409473600e+00;-4.720377550403421552e+00;2.001230200780607316e+00;1.975723972387413818e+00;1.973285807811304249e+00
6.622345929292614564e+00;9.278814538793481503e+00;-8.218936373403264994e+00;-1.466567163464219448e+00;8.319559651068722417e+00;1.986510664040738616e+00;1.974601101362780664e+00;1.982618863313394098e+00
5.649846288276332729e+00;7.712497624591421186e+00;4.468814619707324187e-01;-4.364879920211805597e+00;1.238589995376789687e+01;2.000415245041599288e+00;1.983979347064965149e+00;2.003614203962863272e+00
1.182433964691948347e+01;1.652120757802484263e+01;1.045382695548523699e+01;2.601077882968517052e+00;7.968595562516172848e+00;1.989221451794908280e+00;2.046051341301851512e+00;1.975259084024588274e+00
-5.115875755455512319e+00;-5.405730485891666603e-01;7.026077251811244651e+00;-5.776785012236057781e+00;1.119971324311820915e+01;2.000582881344011188e+00;2.019601805578686626e+00;2.011796916720777872e+00
1.360391688140441602e+01;1.210273817930701057e+01;4.559758022561094748e+00;-5.079529566500516680e+00;-2.480608473556131344e+00;2.011401768179768901e+00;1.981695355609853326e+00;1.973023916478725770e+00
-8.017809283582501223e+00;9.659563437941191211e+00;1.659522799270574112e+00;-9.301531440531118022e+00;9.865700335943170529e+00;1.981458558800750058e+00;1.994530242801140885e+00;1.996041808287611241e+00
-9.981565257990261397e-01;6.098550406907077281e+00;-2.254950995970697036e+00;1.729088457162891501e+00;1.266872762891800974e+01;2.011676346111805458e+00;2.010490470055769308e+00;2.004867573428696037e+00
3.358466722733351784e+00;1.074682758371296210e+01;3.366945291226494330e+00;-3.444660347873930828e+00;1.532538295503021963e+01;1.997663634304137181e+00;1.989023000789967854e+00;2.025298511282505487e+00
4.367869627485324813e+00;6.681900949152007385e+00;2.266645580163039853e+00;1.241685476682286016e-01;6.356911550611624939e+00;1.987389290072543169e+00;1.987891762183824351e+00;1.988776274308531100e+00
3.194728861378622664e+00;1.483381570245962067e+01;-5.218620378943309213e+00;-1.166130669271687292e+00;1.182439974209582800e+00;2.001865517568762520e+00;1.964247912340097990e+00;1.984856885825526440e+00
4.486006672986442290e+00;9.434062252432806162e+00;-1.438632808153512244e+00;-3.771806363893130953e-01;1.069212219046040424e+01;2.011334197714429894e+00;2.016301136249982751e+00;1.968062437876938908e+00
-4.534969994691638639e+00;4.188665971721655445e+00;6.463303899508585637e+00;-1.621142931877168625e+00;2.922531890557571899e+00;1.990330967350901759e+00;1.968218176478991222e+00;2.012783830884788738e+00
-1.126368551751193881e+00;1.395567949050963463e+01;-4.001718523798874827e+00;1.227037675841529119e+00;8.224420001753598441e-01;2.006913508200094398e+00;1.977758220832140035e+00;1.979810088745156627e+00
-3.990514711076449395e+00;6.535843225483829677e+00;-4.335791811678086916e+00;1.790354977102473821e+00;1.272995755781217042e+01;1.988722599876720398e+00;1.953427058778009373e+00;1.999457875968320586e+00
8.273531249486500982e+00;8.778091608229019016e+00;2.696377648806300265e+00;-1.501966328661685779e-01;1.484929460956253955e+01;1.997886562719062953e+00;2.042158247402714011e+00;2.004678376308376198e+00
1.035164888639685898e+01;6.563104249002080337e+00;5.993188714022457120e-02;-3.236074927643106669e+00;-9.801312401552308984e-02;2.003696602992500519e+00;2.023103208874837300e+00;2.005298593000840235e+00
-2.046817510057418410e+00;1.684841514886508307e+01;1.641882569474634623e+00;-6.023792647000874467e+00;2.931954918475094374e+00;1.990062959594788516e+00;2.016650514461503896e+00;2.004236704131738378e+00
-3.892916208779157117e+00;2.179671106537028002e+00;-6.686642970179446088e-01;-1.507152932044738325e+00;1.053197481645607070e+01;1.997746499440901990e+00;2.010874776890955395e+00;1.995110872521696166e+00
4.858952949519889764e+00;7.676049749355877694e+00;6.231922724187430873e+00;-1.598094266839228617e+00;1.302078109065136502e+01;2.004090505396525224e+00;2.008763216726611400e+00;2.021612142101576026e+00
5.403863055851495290e+00;1.118182044052744750e+01;-5.620611939048155037e+00;-8.531277078615776333e+00;7.893398241041605701e+00;2.015948088798335647e+00;1.988952491817127965e+00;1.984053407100201616e+00
-1.544176504656094462e+00;7.916185396534512364e+00;8.869213524835095619e-01;-1.784433113942700100e+00;-1.266862315711559717e+00;2.005397282190164443e+00;2.003560291807191529e+00;1.985551386952701058e+00
-8.323788271801312533e+00;9.704854539431803317e+00;-7.205259685076192966e-01;3.993639419672190272e-02;3.547106087390292650e+00;2.002842989308883492e+00;1.988520647985790868e+00;1.995332675856762439e+00
-1.068436148563644572e+01;1.782987580104898129e+01;-1.411020755207674338e+00;3.286019279609856625e+00;1.234735873436814302e+01;1.996790693285529050e+00;2.035288601378374196e+00;1.991081778980710704e+00
6.718162338380636811e+00;6.572268310451705453e+00;3.560256609190517452e-01;-3.460014805055400267e+00;-2.096733517194151020e+00;1.989753023884690775e+00;2.004429840602338864e+00;2.002186948749026918e+00
8.957809061302802078e+00;8.320550330609886913e+00;1.364804054146624424e-01;-6.615025265291651912e+00;1.029318595406640569e+01;2.008086293779487441e+00;2.005839287609736399e+00;2.001784903199467003e+00
-6.036586543573824848e+00;1.686384994935404436e+01;8.924772494434124681e+00;-1.056927713602744845e+00;1.559835697110001007e+01;1.979943661717343151e+00;2.007020829205312218e+00;2.007640741503792459e+00
-6.294024034388392863e+00;1.025641661778873548e+01;8.623802836598784438e+00;-4.442832768401975940e+00;3.737700611090999381e+00;1.994440101116146780e+00;1.971425301256421125e+00;1.993220978993003767e+00
-5.671330942902153005e-01;4.405813770116061789e+00;9.556985110887442403e+00;4.743851002815411277e-01;4.085774199426867703e+00;2.010087994057256466e+00;2.001145139371601100e+00;2.011370422046254269e+00
7.528394849295636959e+00;4.160168722789104656e+00;3.901839875734019358e+00;-5.305057948291860725e+00;1.200419955704841080e+01;2.007833064207158458e+00;2.028053348599450079e+00;1.994515868050039220e+00
-5.074484706897305131e+00;4.849111839180296535e+00;-1.959600001669831393e+00;-3.977954176116993423e+00;1.300457143450824660e+01;1.997367039790109100e+00;2.018239610830527386e+00;1.986377680617022135e+00
-8.130229579850876576e+00;7.032838414323703269e+00;1.808385630589427695e+00;3.064675116497136642e+00;9.991573614141898929e+00;1.996986601947007500e+00;1.994850867225159030e+00;1.991720479796259546e+00
-2.565419614697016737e+00;3.957981234710082674e+00;6.294673943793751114e+00;2.326115012091243273e+00;1.763622034734388677e+01;1.996935329820768379e+00;2.002772363524223387e+00;2.013875004347090769e+00
3.900338140811475895e+00;9.899730494143508253e+00;5.716156723993161215e+00;1.134977636262917144e+00;-4.170322892652897906e-01;2.009316375001128030e+00;2.004858791615482971e+00;1.980004101508729519e+00
7.723732842058110837e-01;1.157665180143764339e+01;-1.625351137298690851e+00;-4.766368548225985435e+00;4.120790343320603455e+00;1.986921631565888191e+00;1.958831149894463275e+00;2.003723734661122968e+00
4.594130363421157881e+00;8.910939945060160738e+00;4.896548236831184120e+00;5.111303170357935244e+00;8.744620060898224523e+00;2.000373255259709548e+00;1.988477135623246017e+00;2.009934538626380274e+00
-1.043569959127450808e+01;4.062998802057375514e+00;-1.926113881509310399e+00;-1.164003912794952100e+01;8.553337961087777330e+00;2.001784969434090122e+00;2.045920388027799852e+00;2.021037587970350380e+00
2.097043812840345023e+00;1.253319077581238616e+01;-2.445364704987606608e+00;-3.294339145784068279e+00;7.750671021142881756e+00;1.991812608469884838e+00;1.993953371129627561e+00;1.989965882874253467e+00
-2.998415623534902430e+00;7.776154262689424002e+00;-4.700752785612170470e+00;3.562280813725729800e+00;7.295542281083786662e+00;2.006750284817532926e+00;2.001148321882282755e+00;1.993631036953803060e+00
4.801964353509213801e+00;7.459004711963093115e+00;7.329394556595927313e+00;-7.950849221651612453e+00;1.496584924515543769e+01;2.009063965444086275e+00;2.002561116362024052e+00;1.960667102537249962e+00
-7.522449625532603434e-01;1.349777508505423107e+01;-2.223638861286767465e+00;-3.343884395127353137e+00;-2.311362679742945403e+00;1.992768304150482228e+00;2.012488010501110036e+00;2.019592724795173933e+00
-7.190452919227674045e+00;1.173131549800965523e+01;-2.936540060512395911e+00;-8.768159035885689789e+00;5.198243600275714194e+00;2.007331282179347198e+00;2.017230254236128228e+00;2.007288012250998399e+00
6.870479769852996910e+00;4.594624372953291846e+00;1.175748371804765569e+01;2.537302778187748409e+00;1.120792705823232893e+01;1.997307132344866565e+00;2.038669280717030574e+00;2.001994614309995146e+00
6.820670420259218325e-01;1.239839273932721753e+01;5.099676057769575444e+00;-1.817974305826220771e+00;4.435652821701254744e+00;1.996063704175258913e+00;1.997406008486799278e+00;2.000394760258091154e+00
-4.644847008786890719e+00;9.122867724106633602e+00;-8.602046362083171083e-01;-1.571118954020154002e+00;1.066920188004919368e+01;2.015233317026699833e+00;2.016794544791049582e+00;2.023256412780599423e+00
-1.556033625528169928e+00;1.699301195770814488e+01;2.823969403378814746e+00;-3.066343629697128037e+00;2.982299499047319280e+00;2.000109228375445358e+00;2.040599782414760366e+00;1.979966231268559307e+00
5.081475698975546962e+00;6.682607760646170902e+00;5.868695025511915020e+00;-5.695788137706957244e+00;1.566763457360475087e+01;1.989305777139642739e+00;1.976817000610229913e+00;2.023170379311687750e+00
8.888115132775096239e-01;6.850908357432452966e+00;3.793467893604237418e+00;-7.932419547466047494e-01;1.575237620112715753e+01;1.995698196553210568e+00;1.996034037716558629e+00;2.019925501480891228e+00
-6.157789331661163601e+00;5.461807760504003184e+00;1.105608051812936488e+01;2.594530004890484243e+00;6.164765090481209242e+00;1.992378283248790183e+00;1.985615534874289656e+00;1.994314595006573265e+00
1.033453107668011350e+00;1.079387005404412392e+01;6.512360728070479610e+00;-5.508500512101128788e-01;8.265266197339309784e+00;2.006955193710186602e+00;2.006504949664707826e+00;1.997876562090026287e+00
3.089072114551801640e+00;6.668323459560645539e+00;1.396372262599191671e+01;-3.200479912593250376e+00;8.473219455551639356e-02;2.000845813536790807e+00;2.019434502097881889e+00;2.004174216026871846e+00
1.778569671961149901e-01;1.345686781908344187e+01;1.269162270288733652e+01;-6.457759269518938972e+00;-7.241350849295606906e+00;2.010049839901660640e+00;1.998717144375469434e+00;1.992092203269365758e+00
1.460722592365230499e+00;6.283231458869674491e+00;-1.912556743448304175e+00;-2.055540448751241200e+00;3.774428833300013775e+00;2.000525277340412078e+00;1.991104274719296630e+00;2.002338384185491815e+00
3.783770178571405740e+00;4.403133830087275769e+00;-3.773581720985183630e+00;3.112501746167072980e+00;-3.776410844864287242e+00;1.997550659768740244e+00;2.010623359596436899e+00;1.994466093882564017e+00
7.836381401278796233e+00;1.174739720701076173e+01;1.258507955696395442e+01;-3.455580400614628900e+00;1.439999732062782201e+00;2.013011704703411286e+00;1.995879248123360927e+00;1.985174543487772780e+00
-1.185654628249201092e+00;9.330284465515653380e+00;1.116798547317744550e+01;1.186678723544076774e-02;1.175179818860565994e+01;2.003605827085313429e+00;2.012440073164636356e+00;2.008893864706809307e+00
-3.274779979407879793e+00;1.676380597930095817e+01;5.630791862331308018e+00;-7.797978238568382459e+00;1.474008538839334292e+01;1.999795215101072721e+00;2.035670696896331400e+00;1.979158503736110131e+00
-2.529162183067779957e+00;5.202995903454400661e+00;-7.061784488020350636e-02;-1.078835100724022000e+00;-4.695247047878456925e+00;1.992200702348556840e+00;2.022849002183416900e+00;1.986458743731835064e+00
3.133708324477228579e+00;9.038044291329327962e+00;1.143055675168915819e+01;4.293867868247454034e+00;-9.592890127304656289e-01;1.973317507741425558e+00;1.970213043328691738e+00;1.995713300668915835e+00
2.346269730965395706e+00;8.295114349467175074e+00;-5.402616337441106253e+00;-1.151546477729866513e+00;1.327328720235757764e+00;2.025930727047997149e+00;2.004684443273343941e+00;1.975746527440021438e+00
6.774151638596497271e+00;1.379887707718777179e+01;-5.777082220690142655e+00;-3.019967488570020731e+00;4.984286238859315432e+00;2.008471936337250963e+00;2.017576232837952510e+00;2.007249427520020557e+00
-4.511593504869892968e+00;1.770186472212794371e+01;1.814029690041111254e+00;1.625480454307381084e+00;8.767918334128193436e+00;1.999115811236428675e+00;1.996873623596194580e+00;1.971790074549673255e+00
5.304433119821834630e+00;1.661721061933789656e+01;3.486555137262496551e+00;-1.658476760592525467e+00;3.789336296546180538e+00;1.981108840565257045e+00;2.019802624196593843e+00;2.010521849448871468e+00
4.074017972137387922e+00;1.020594440712896045e+01;6.429380296071288470e+00;2.854308058655373515e+00;8.105441613728791239e+00;1.991613839278699505e+00;2.007933628974040818e+00;1.983436477367017003e+00
5.662702856234158588e-03;6.159644639443626168e+00;1.428081982081232937e+01;2.808812893757634654e+00;4.044969686792295960e+00;2.007965912802858188e+00;2.003105741884979363e+00;2.015663607391282142e+00
-7.332636310448878092e+00;1.480074586634940204e+01;2.627993972743261075e-01;4.368581026234611642e+00;2.162069677526977785e+01;1.993397869870453087e+00;2.018760657613974718e+00;1.945981243888782020e+00
-1.073378448138391672e+00;1.348714949093267634e+01;1.104769657311877040e+00;-5.423939179023163248e+00;-5.748784964992932345e-01;2.001489914905810963e+00;1.997810148756697934e+00;2.014759803770436619e+00
7.590461373102824538e+00;1.639245277269732171e+01;-3.318367100837865458e+00;-3.425670551367685501e+00;1.450219284295748068e+01;1.993668723810190446e+00;1.991796326602996769e+00;1.991215921763104468e+00
-6.355326426610532486e-01;1.355958990726263025e+01;1.516141515909907866e-02;-1.150219748498056971e+00;1.422549088623836511e+01;2.001037970435770141e+00;2.017547603676192125e+00;2.014521405498481244e+00
-1.225464991052896302e+00;2.021809798082511378e+01;-1.901058930580289186e+00;-4.897498918491404396e+00;5.508201707376574774e+00;1.997974382649747582e+00;2.015669241523938116e+00;1.997586174266038794e+00
-6.833543967402476937e+00;3.840757446298049160e+00;-8.608519536996324106e-01;-3.414096235516548283e+00;4.465429534454653293e+00;1.999511304518872823e+00;2.039437954921998752e+00;1.994009681967128245e+00
9.149878195538325709e-01;1.240552696784083864e+01;2.686536918945891195e+00;-5.977831597577530687e+00;1.009558763058471698e+01;2.005718272292903226e+00;1.994827557146874764e+00;1.983501318543192449e+00
3.056928043055426425e+00;2.712217840878001773e+00;-7.643994105538736150e-01;3.964422460657175407e-01;8.419753050729696042e+00;2.004860144055159221e+00;1.988703993621617094e+00;2.009872831325544507e+00
1.038295856524009686e+01;1.181636645894007032e+01;4.196540447151750897e+00;2.198137071930508668e+00;1.135374989277325497e+01;1.994133950348486728e+00;2.005299414737677477e+00;2.016301277593576469e+00
4.100433022076642509e+00;1.561019061281422893e+01;-4.695748175368206212e-01;-8.468390538972744963e+00;7.615589503006350292e+00;2.004369749246857069e+00;1.968950979151125269e+00;2.007995412650509515e+00
-1.431661411897402481e+00;1.018138898215539889e+01;-7.568467194971155720e+00;3.162044656587159608e-02;1.801220138938222703e+01;1.992929213084796425e+00;2.026874186422088719e+00;1.966263377536439538e+00
-2.918861848820041072e+00;4.473996017607758446e+00;-1.321729510992954548e+00;8.258957556122599186e-01;8.597914072330542723e+00;1.995294159767554865e+00;1.993732479272093405e+00;2.012665238145888935e+00
6.742920469570199415e-01;8.375370992635064127e+00;-5.755838914863686817e-01;-8.344356386010874260e+00;4.655272505933998772e+00;2.013063041123617225e+00;1.949222311784357231e+00;2.015522300196404881e+00
-7.286085810673966989e+00;1.471764030382712818e+01;5.395346496479762166e+00;-1.016082144669780085e+00;7.833166220063917606e+00;2.005936255636113330e+00;2.002994696456759538e+00;2.003638067179963844e+00
6.233647952615152255e-01;1.063274302030701612e+01;7.071499461603479197e+00;-2.460633723632229319e+00;7.654374083916307470e+00;1.990078763320814570e+00;1.969478261739897151e+00;1.996775852338317447e+00
1.469019530111650873e+00;6.989674952359093751e+00;-6.064868659103371584e+00;-9.306453231846601781e+00;2.584388935419505984e+00;1.979934802548393158e+00;2.014536054065465986e+00;2.006512869066882754e+00
-3.906180780425474452e+00;1.075396033928807249e+01;-1.047813805478078919e+01;-5.536269894225663180e+00;7.690116916670692859e-01;1.999657907324285722e+00;2.037463145513561891e+00;1.996386778976169118e+00
-8.449587881048488125e-01;-2.871393705642514504e+00;6.663406871640510154e+00;-5.936505411918375330e+00;1.970946582473549924e+00;1.999272031171763331e+00;2.001326753634347977e+00;1.986200358148432876e+00
-1.148454949179100293e+00;1.704914631743152498e+00;5.752189119241842619e+00;2.593118761446832288e+00;4.787845910226728563e+00;2.009385652823246105e+00;1.992047037274773613e+00;1.988418574515391946e+00
-7.967627278064242091e+00;7.051332665114323106e+00;-1.360658334541781755e+00;9.420921674609523677e-01;6.933264792627181983e+00;2.019152703676662775e+00;2.005124096718309268e+00;2.002471634379992871e+00
8.888923522275204547e+00;1.629540826042200408e+01;1.113523461437156925e+01;-1.430589545072015856e+00;5.114420943808083209e+00;2.008185431939686794e+00;2.002130134645192960e+00;2.015411189125337454e+00
1.022454989819448912e+01;7.930997658535837047e+00;-2.994866464645061122e+00;-3.638641173209844037e+00;1.716087085736911888e+01;2.011706148802617555e+00;1.993240059461800273e+00;1.998436828385382391e+00
3.734024786294575016e+00;1.476437536160851849e+01;-5.605202349747490764e+00;-2.431772542861959430e+00;9.957806192783900556e+00;2.005522508134223170e+00;1.999187208135485561e+00;1.955543098387432011e+00
-3.191235904183811201e+00;-4.425821183880316312e-01;5.772499354917708381e+00;-3.377414848632008137e+00;3.006885075918488859e+00;2.014932640992110002e+00;1.979311996511379679e+00;1.994692255443114570e+00
-7.537209166282217154e+00;1.762495134635457106e+01;-3.214998695252084815e-01;-3.342090020881649526e+00;1.580003810677809994e+01;2.013961557622757859e+00;1.996182186801787051e+00;1.994089437957353272e+00
-6.906726627757495685e+00;1.404419408346187836e+01;-6.353088344516292452e+00;-1.051917921357372832e+00;8.282417578546763082e+00;1.987136355495974893e+00;1.942298030897769534e+00;2.009163524374497634e+00
3.541478115136897031e+00;7.075225929098366784e+00;8.015207931575147882e+00;-4.435482870898690422e+00;4.111744204454207186e+00;2.000595623554766611e+00;1.997835200829968461e+00;2.013121224465282744e+00
-3.109579847889149207e+00;3.929936477430002739e+00;2.918226743983891147e+00;-3.839628698178580102e+00;4.512710424460953718e+00;1.988590421032358835e+00;2.028983765427661456e+00;2.036892998428151191e+00
-4.070803818059982149e+00;8.169698208978816822e+00;-1.552751456789896345e+00;-6.919745670462472020e+00;1.031587082160312363e+00;1.992723543693116550e+00;2.037448414175407230e+00;1.990544619715731711e+00
6.715095511420482666e+00;1.741607956023285908e+01;8.631190566456162117e+00;-3.931596964733698130e+00;1.033315966992740975e+00;1.997059922090983042e+00;2.031859733250767519e+00;2.042155345044680548e+00
4.731938468566747602e-01;5.908960665033816895e+00;-1.262718193694376545e+00;-9.807673821448073426e+00;1.294610062151105190e+01;1.991838253293475525e+00;2.008811327198053664e+00;2.014202965824277491e+00
-1.721500364194821664e+00;8.518724211074063746e+00;-9.859056803020020965e-01;-1.830330935858428765e+00;1.209250733960699975e+01;1.994370650762550268e+00;2.007492448749202296e+00;2.012694628253756335e+00
-1.338770580851282865e+00;6.480889157246145338e+00;9.416136882997326651e+00;-2.003469505706860332e+00;5.419862668718623766e+00;1.993035893201952513e+00;2.008213884140533256e+00;1.999878885107622573e+00
-3.829541174051434460e+00;1.463103256832522803e+01;1.442671391084705945e+01;-6.948541720569236801e+00;-2.576231818381888417e+00;2.007093931056881608e+00;1.989795204660503858e+00;1.984923374543606123e+00
3.109386662236205190e+00;3.284531874165582011e+00;-7.371229071649864295e+00;2.800863184619601931e+00;3.404893630603105237e+00;1.999382750101795780e+00;1.966438659652671506e+00;2.043310491701316955e+00
1.527052278461013879e+00;1.279725403209981316e+01;1.036338484134434701e+01;-9.830932285797013837e-01;-3.224886563210150214e+00;2.014427778344549225e+00;2.011587632778741863e+00;2.000107360187911798e+00
5.417144087556722276e+00;1.244110639652666706e+01;8.943825257705231735e+00;-7.007472868632055096e+00;1.254341839048262131e+00;1.994906993431157183e+00;2.002812913365680902e+00;1.987517121735991488e+00
1.973673001542552541e+00;8.398537719390905210e+00;-7.535080266591668519e+00;-3.813222593504117519e+00;2.087235378040245593e+01;1.999628184262342012e+00;1.982466896858270822e+00;2.000040037900121970e+00
3.923447798983822121e+00;9.996978556535468741e+00;7.662150821684554636e-02;-8.493369810870654568e-02;7.055001802540648015e+00;1.995066362942730320e+00;2.035965641381671354e+00;2.012562780533216689e+00
4.569347344730557481e+00;1.086800459097746518e+01;7.697733943349096108e+00;2.957537239566599752e+00;1.640801714646840992e+01;1.998730349472294554e+00;2.005574918696470199e+00;1.982174425853354460e+00
-3.327675069736217850e-01;1.066734363038471756e+01;-2.152916661098984719e+00;-7.227773808861307714e+00;-6.542944619105904636e+00;2.000229962084487223e+00;2.071966946081306382e+00;1.988113198866568343e+00
4.004598590248545920e-01;6.901756600074122616e-01;4.151005045380006919e+00;-2.048717606464116603e-01;5.465769684141134732e+00;1.990191090763465676e+00;1.997940227152902315e+00;2.038330265027242127e+00
-1.070530919182950402e+00;1.317689793876059134e+01;5.442453403107588628e+00;-5.079034879751486820e+00;3.355489013035502843e+00;1.999378936268092710e+00;2.009045015428656544e+00;2.004785706326876138e+00
2.689128275358612097e-01;1.461830603540523299e+00;-3.537489761010942146e+00;-7.237917042885059438e+00;1.604647520634413382e+01;1.980576340158614057e+00;1.966753215950074241e+00;1.995083886733668876e+00
4.745427719789311993e+00;1.194304838469246022e+01;4.065672419549599681e+00;-6.246908549359957430e-01;5.471276257530163889e+00;2.006270211601770992e+00;1.989090969573414025e+00;2.001480797830244462e+00
-7.031197132042892761e+00;9.084974548507721792e+00;-2.003529970701987573e+00;-1.876780217484006474e-01;8.164072250830566091e+00;1.985040120525935148e+00;1.981513280107578767e+00;1.958241564523328204e+00
-2.332982277434224372e+00;1.090328820347176908e+01;7.310874383670353360e+00;-3.327866081155657074e-01;5.174659451784496156e+00;1.979746038701085009e+00;2.011190478839965490e+00;2.016107903578395533e+00
4.586765213555908716e+00;7.379357066753346572e+00;-8.138583819004477249e+00;-1.630851881619345800e+00;5.876438492724587626e+00;2.000843659850782164e+00;1.967709382529441831e+00;2.050287069536808726e+00
1.512188119248797369e+00;1.363376403357148625e+01;4.279132243822320270e+00;-5.370631652230954955e-01;8.258648460095919575e+00;1.990025167996510636e+00;1.995008296596417097e+00;2.016807631622820729e+00
3.897202857146084387e+00;2.454311859755784297e+01;6.052994951200956208e-01;2.592703617751479506e+00;1.337791609169345897e+01;1.999754820824459545e+00;1.987469921568061348e+00;2.011562689690392425e+00
1.080359417029042035e+01;1.311798492751856671e+01;6.430397180575770477e+00;1.638931343927441997e+00;7.476842592238482688e+00;1.989700835054529326e+00;2.003929292061551681e+00;1.997698228884269733e+00
-3.197254022018748643e+00;9.806143086943158949e+00;2.946390530505828220e+00;-3.089353079512495270e+00;3.446593075464154055e+00;2.014602952020053905e+00;2.005521313791397198e+00;1.990285146052691800e+00
-1.274191273209087427e+00;7.995691871219273494e+00;2.270072809271903136e+00;-2.259224037464033774e-01;4.470141974408035068e+00;1.999121594846806405e+00;1.989182974294742001e+00;2.003206233848560558e+00
-2.242925030186457835e-01;4.167895266506850049e+00;7.834513798884115587e+00;-5.244890435624075309e+00;-4.120300080468478399e+00;1.986397402837839499e+00;1.997886400332275603e+00;2.028407314817950891e+00
5.359145819391223142e+00;3.076562131773158626e+00;4.784171138256154698e-01;-2.837707989264879771e+00;8.546171282882109921e+00;2.004839514844420911e+00;2.018573310193688464e+00;1.971568081678992002e+00
7.234031188810462254e+00;1.259655953624568880e+01;2.325139449281590664e+00;2.517936854528390889e-01;-2.511800579683800549e-01;2.012711563413501548e+00;1.963775343488777692e+00;2.029132256337969231e+00
4.121556777309494990e+00;7.102786086289143874e+00;4.006762492598278769e+00;-7.972700381225095168e-01;5.555296053976777948e+00;2.001510617220083610e+00;2.021424642473446998e+00;1.997030879970361550e+00
-3.437062934427442151e+00;1.612798307738356840e+01;-4.668077037254914075e-02;-3.121518987275257118e+00;4.620007067638400855e+00;1.993035113694666238e+00;2.022954440048157387e+00;1.977813104451205506e+00
8.381821839997222412e+00;1.496080981202718263e+01;-6.457661205002510840e+00;2.490829123420848390e+00;1.841843551928937472e+01;2.004602551851069059e+00;1.968133599125163613e+00;2.001113006217628776e+00
-5.501778679507647318e-01;1.157737236432988936e+01;-1.705577286550276739e+00;-1.315369539634265283e+00;1.644545504110429768e+00;1.995655083788893114e+00;1.986136119323684168e+00;2.008271628890922589e+00
5.019753852664010640e-01;1.023647958969653615e+01;-2.087605824386603359e+00;-8.150221878175617718e+00;4.104886744500159779e+00;2.008101799435862311e+00;2.012622974130838127e+00;1.997087608804598347e+00
1.301082987358670451e-01;6.115184596386507465e+00;6.232537129670286724e+00;-4.136252098506212782e+00;1.204632435131951240e+01;1.990451160932293018e+00;1.974937925985473797e+00;2.028127948715817919e+00
-5.982815106714632236e+00;1.177415599140473468e+01;-4.822006255380495432e+00;-6.448360276934265833e+00;1.036479166854938860e+01;1.986905369025471435e+00;2.016697521548840744e+00;2.001597391130518488e+00
-2.948998175292770085e+00;-2.406547932406528645e-01;-1.204553783396520306e+00;2.262563622659055973e+00;4.647647989913407329e+00;2.003218026853069489e+00;2.018744552410391968e+00;1.986517799111201077e+00
-9.535749179861891633e+00;1.623620254192982060e+01;-1.914114079250540001e+00;1.755798452445497038e+00;3.418672902517473577e+00;1.997016147418769538e+00;2.013649869817439431e+00;2.001891398841340930e+00
9.410465109335923728e+00;1.085186587808543024e+01;2.678717438330858513e+00;-3.650803196210619106e-01;2.638536718920331481e+00;2.034485237222052323e+00;2.009669672993070311e+00;2.010259299285968471e+00
3.599251288914180336e+00;9.830891067271991801e+00;-2.462093381188955377e+00;-4.033355948888054598e+00;1.573966764848536037e+01;2.002707653898545104e+00;1.983882876187819111e+00;1.983909299122973202e+00
3.281412026084308486e+00;6.448780332473109667e+00;3.571546740586002411e+00;2.426960259723650815e+00;5.119931708190774700e+00;2.001578731784148690e+00;1.986174607209073129e+00;2.031159803359624316e+00
-6.468121257675663038e-01;6.640701557989147297e+00;2.158759123922015633e+00;-1.883377509292735841e+00;6.047380315030991937e+00;2.002324276108326639e+00;1.978749215539359785e+00;2.010870017242309071e+00
1.016311562110309552e+01;1.965515942653626880e+01;-3.526172254171801690e+00;-7.663181086436647860e+00;6.880877762276063514e+00;2.002665784924479553e+00;1.997901755610596908e+00;2.004223160531746650e+00
8.202558368386733134e-01;8.596476844442856091e+00;1.338072566245127160e+00;4.249573152829899669e-01;2.603016061079836518e+00;2.003971716298413863e+00;2.009425354310494516e+00;2.037120201423390675e+00
6.532574361723757050e+00;6.814340354198549221e+00;7.095967432767379179e+00;4.148184619217745173e-01;-1.370018930574330440e+00;2.010482985497204833e+00;2.015150792994466311e+00;2.045865512847429901e+00
7.984174554581081829e+00;1.119689450159662236e+01;1.590674801508698000e-01;-4.266772076380268786e+00;4.840734993841326883e-01;1.984807181412986177e+00;1.990843170222327263e+00;1.998401776120833695e+00
5.084190928783405283e+00;1.453056900019291220e+00;2.463625119823411147e+00;-2.898716197171225417e+00;9.050955258668667014e+00;1.992142672371994161e+00;1.994780688141372327e+00;1.984656006964761854e+00
6.639838424985115006e-01;1.048718268344997639e+01;3.110487323889354894e+00;-5.799026976068202721e+00;2.929473968535584838e+00;1.975185085424854714e+00;1.988175689944144731e+00;2.001404169333724781e+00
-1.709279165075119344e-01;-4.897553256529256771e-01;-9.197790264501074731e+00;6.533829941909202077e+00;2.604923443833685681e+00;2.003876860544777649e+00;2.003310404231097408e+00;2.006288934161105431e+00
3.088865760284343676e+00;5.538710540610104260e+00;4.281353077519213457e+00;2.641278125487671602e-01;1.350490502459783748e+01;2.025631605828067006e+00;1.955015362464322726e+00;1.996387413909911146e+00
7.303057875015245282e-01;6.379933995235183453e+00;2.051746227189691130e+00;-7.683751614935958152e+00;8.236528620618020824e+00;1.989503565570883703e+00;1.986446037483460492e+00;2.017846957894649407e+00
7.505792492217212342e+00;1.452829604060591073e+01;-7.475214042611044718e+00;-2.645397677792059365e+00;3.559314332662038005e+00;1.990667926568412627e+00;2.039187423224548379e+00;2.015051649720656091e+00
3.678092184871371906e+00;5.268275599767924255e+00;3.458447088987834039e+00;-4.663817589941841035e+00;1.660727446854654943e+01;1.985416056125601125e+00;2.011540075305357611e+00;2.009659904287612875e+00
-8.819318197375441315e+00;1.072581930915465342e+01;-6.380782753700868781e+00;-2.754011649199740397e+00;1.020933880988211051e+01;1.993869275816023245e+00;2.009088376947758547e+00;1.996116184520364323e+00
-6.243091420504609523e+00;9.780708043928173723e+00;1.767825523049622038e-01;-6.355069473297803029e-02;1.538245259214438221e+01;1.985383661171086223e+00;1.998008355754420151e+00;1.981118564426427309e+00
-9.920927239693129174e-01;9.474426623457651075e+00;2.310629784347466575e+00;3.144878701007685073e+00;1.437397614965334114e+01;2.000095685558521907e+00;1.987555326600556560e+00;2.004834565243151179e+00
-8.802120207908606275e+00;9.756626672737407802e+00;5.807201832461122315e+00;2.748094058156929975e+00;9.801164197990548388e+00;1.998947180414040847e+00;2.019968578061697606e+00;2.018593665624149214e+00
